id_co,ip_address,login,success,date_co
1,172.0.0.1,admin,d033e22ae348aeb5660fc2140aec35850c4da997,true,2024-01-09 00:00:00
2,172.0.0.1,admin,d033e22ae348aeb5660fc2140aec35850c4da997,true,2024-01-08 00:00:00
3,172.0.0.1,admin,d033e22ae348aeb5660fc2140aec35850c4da997,true,2024-01-07 00:00:00
4,172.0.0.1,admin,d033e22ae348aeb5660fc2140aec35850c4da997,true,2024-01-06 00:00:00
5,172.0.0.1,admin,d033e22ae348aeb5660fc2140aec35850c4da997,false,2024-01-05 00:00:00
6,172.0.0.1,admin,d033e22ae348aeb5660fc2140aec35850c4da997,true,2024-01-04 00:00:00
7,172.0.0.1,admin,d033e22ae348aeb5660fc2140aec35850c4da997,true,2024-01-03 00:00:00
8,172.0.0.1,admin,d033e22ae348aeb5660fc2140aec35850c4da997,false,2024-01-02 00:00:00
9,172.0.0.1,admin,d033e22ae348aeb5660fc2140aec35850c4da997,true,2024-01-01 00:00:00
10,172.0.0.1,admin,d033e22ae348aeb5660fc2140aec35850c4da997,true,2023-12-31 00:00:00
11,172.0.0.1,admin,d033e22ae348aeb5660fc2140aec35850c4da997,true,2023-12-30 00:00:00
12,172.0.0.1,admin,d033e22ae348aeb5660fc2140aec35850c4da997,false,2023-12-29 00:00:00
13,172.0.0.1,admin,d033e22ae348aeb5660fc2140aec35850c4da997,true,2023-12-28 00:00:00
14,172.0.0.1,admin,d033e22ae348aeb5660fc2140aec35850c4da997,true,2023-12-27 00:00:00
15,172.0.0.1,admin,d033e22ae348aeb5660fc2140aec35850c4da997,false,2023-12-26 00:00:00
16,172.0.0.1,admin,d033e22ae348aeb5660fc2140aec35850c4da997,true,2023-12-25 00:00:00
17,172.0.0.1,admin,d033e22ae348aeb5660fc2140aec35850c4da997,true,2023-12-24 00:00:00
18,172.0.0.1,admin,d033e22ae348aeb5660fc2140aec35850c4da997,false,2023-12-23 00:00:00
19,172.0.0.1,admin,d033e22ae348aeb5660fc2140aec35850c4da997,false,2023-12-22 00:00:00
20,172.0.0.1,admin,d033e22ae348aeb5660fc2140aec35850c4da997,true,2023-12-21 00:00:00
21,172.0.0.1,admin,d033e22ae348aeb5660fc2140aec35850c4da997,true,2023-12-20 00:00:00
22,172.0.0.1,admin,d033e22ae348aeb5660fc2140aec35850c4da997,true,2023-12-19 00:00:00
23,172.0.0.1,admin,d033e22ae348aeb5660fc2140aec35850c4da997,true,2023-12-18 00:00:00
24,172.0.0.1,admin,d033e22ae348aeb5660fc2140aec35850c4da997,true,2023-12-17 00:00:00
25,172.0.0.1,admin,d033e22ae348aeb5660fc2140aec35850c4da997,true,2023-12-16 00:00:00
26,172.0.0.1,admin,d033e22ae348aeb5660fc2140aec35850c4da997,true,2023-12-15 00:00:00
27,172.0.0.1,admin,d033e22ae348aeb5660fc2140aec35850c4da997,true,2023-12-14 00:00:00
28,172.0.0.1,admin,d033e22ae348aeb5660fc2140aec35850c4da997,true,2023-12-13 00:00:00
29,172.0.0.1,admin,d033e22ae348aeb5660fc2140aec35850c4da997,true,2023-12-12 00:00:00
30,172.0.0.1,admin,d033e22ae348aeb5660fc2140aec35850c4da997,true,2023-12-11 00:00:00
31,172.0.0.1,admin,d033e22ae348aeb5660fc2140aec35850c4da997,true,2023-12-10 00:00:00
32,172.0.0.1,admin,d033e22ae348aeb5660fc2140aec35850c4da997,true,2023-12-09 00:00:00
33,172.0.0.1,admin,d033e22ae348aeb5660fc2140aec35850c4da997,false,2023-12-08 00:00:00
34,172.0.0.1,admin,d033e22ae348aeb5660fc2140aec35850c4da997,true,2023-12-07 00:00:00
35,172.0.0.1,admin,d033e22ae348aeb5660fc2140aec35850c4da997,true,2023-12-06 00:00:00
36,172.0.0.1,admin,d033e22ae348aeb5660fc2140aec35850c4da997,true,2023-12-05 00:00:00
37,172.0.0.1,admin,d033e22ae348aeb5660fc2140aec35850c4da997,true,2023-12-04 00:00:00
38,172.0.0.1,admin,d033e22ae348aeb5660fc2140aec35850c4da997,false,2023-12-03 00:00:00
39,172.0.0.1,admin,d033e22ae348aeb5660fc2140aec35850c4da997,true,2023-12-02 00:00:00
40,172.0.0.1,admin,d033e22ae348aeb5660fc2140aec35850c4da997,true,2023-12-01 00:00:00